{
  "epoch": 4,
  "timestamp": "2026-06-20T17:38:38.173551",
  "model_state": {
    "weights": "..."
  },
  "optimizer_state": {
    "lr": 0.001
  },
  "metrics": {
    "loss": 4.072531249999999,
    "accuracy": 0.8200000000000001
  }
}