{
  "epoch": 4,
  "timestamp": "2026-06-20T17:58:12.965845",
  "model_state": {
    "weights": "model_weights_epoch_4"
  },
  "optimizer_state": {
    "lr": 0.0006561000000000001
  },
  "metrics": {
    "loss": 4.072531249999999,
    "accuracy": 0.8200000000000001
  }
}